primary_label,secondary_labels,filename,collection,rating,scientific_name,common_name,animal_class,duration_in_seconds
amekes,[''],amekes/iNat1149684.ogg,iNat,0.0,Falco sparverius,American Kestrel,Aves,9.26478125
566513,[''],566513/iNat832952.ogg,iNat,0.0,Alouatta seniculus,Colombian Red Howler Monkey,Mammalia,30.8359375
22333,[''],22333/iNat1155704.ogg,iNat,0.0,Eleutherodactylus johnstonei,Lesser Antillean whistling frog,Amphibia,9.9149375
41970,[''],41970/iNat327629.ogg,iNat,0.0,Panthera onca,Jaguar,Mammalia,13.4805
48124,[''],48124/CSA34485.ogg,CSA,0.0,Tettigoniidae,Katydids,Insecta,114.96603125
22973,[''],22973/iNat326860.ogg,iNat,0.0,Leptodactylus fuscus,Whistling Grass Frog,Amphibia,33.516
22973,[''],22973/iNat1257590.ogg,iNat,0.0,Leptodactylus fuscus,Whistling Grass Frog,Amphibia,38.504
715170,[''],715170/CSA34515.ogg,CSA,0.0,Copris susanae,Copris susanae,Insecta,104.3761875
517119,[''],517119/iNat949336.ogg,iNat,0.0,Rhinella horribilis,Giant Toad,Amphibia,39.0791875
48124,[''],48124/CSA35184.ogg,CSA,0.0,Tettigoniidae,Katydids,Insecta,140.56040625
banana,[''],banana/XC331387.ogg,XC,4.0,Coereba flaveola,Bananaquit,Aves,9.0
amakin1,[''],amakin1/XC128806.ogg,XC,5.0,Chloroceryle amazona,Amazon Kingfisher,Aves,13.536
715170,[''],715170/CSA35805.ogg,CSA,0.0,Copris susanae,Copris susanae,Insecta,123.3360625
517119,[''],517119/iNat521786.ogg,iNat,0.0,Rhinella horribilis,Giant Toad,Amphibia,19.48078125
50186,[''],50186/CSA35148.ogg,CSA,0.0,Cicadidae,Typical Cicadas,Insecta,243.24578125
21211,[''],21211/XC882654.ogg,XC,4.0,Allobates femoralis,Spotted-thighed Poison Frog,Amphibia,37.6424375
52884,[''],52884/CSA18786.ogg,CSA,0.0,Gryllidae,True Crickets,Insecta,71.056375
715170,[''],715170/CSA34513.ogg,CSA,0.0,Copris susanae,Copris susanae,Insecta,66.852875
amakin1,[''],amakin1/XC654346.ogg,XC,4.0,Chloroceryle amazona,Amazon Kingfisher,Aves,7.99346875
41663,[''],41663/iNat846728.ogg,iNat,0.0,Procyon lotor,Common Raccoon,Mammalia,41.528875
22973,[''],22973/iNat154035.ogg,iNat,0.0,Leptodactylus fuscus,Whistling Grass Frog,Amphibia,27.10596875
50186,[''],50186/CSA14874.ogg,CSA,0.0,Cicadidae,Typical Cicadas,Insecta,49.7528125
22973,[''],22973/XC882795.ogg,XC,4.0,Leptodactylus fuscus,Whistling Grass Frog,Amphibia,90.54040625
52884,[''],52884/CSA14491.ogg,CSA,0.0,Gryllidae,True Crickets,Insecta,115.24471875
banana,[''],banana/XC670368.ogg,XC,3.0,Coereba flaveola,Bananaquit,Aves,23.275
amekes,[''],amekes/iNat302441.ogg,iNat,0.0,Falco sparverius,American Kestrel,Aves,458.448
50186,[''],50186/CSA18201.ogg,CSA,0.0,Cicadidae,Typical Cicadas,Insecta,110.62565625
517119,[''],517119/iNat1282698.ogg,iNat,0.0,Rhinella horribilis,Giant Toad,Amphibia,9.856
517119,[''],517119/iNat1110671.ogg,iNat,0.0,Rhinella horribilis,Giant Toad,Amphibia,39.5668125
22333,[''],22333/iNat1274792.ogg,iNat,0.0,Eleutherodactylus johnstonei,Lesser Antillean whistling frog,Amphibia,5.78178125
42007,[''],42007/iNat841400.ogg,iNat,0.0,Puma concolor,Mountain Lion,Mammalia,12.319
amakin1,[''],amakin1/iNat472609.ogg,iNat,0.0,Chloroceryle amazona,Amazon Kingfisher,Aves,9.98459375
amekes,[''],amekes/XC570886.ogg,XC,5.0,Falco sparverius,American Kestrel,Aves,30.288
amekes,[''],amekes/XC466449.ogg,XC,4.0,Falco sparverius,American Kestrel,Aves,58.958375
517119,[''],517119/iNat126773.ogg,iNat,0.0,Rhinella horribilis,Giant Toad,Amphibia,16.728
banana,[''],banana/iNat998528.ogg,iNat,0.0,Coereba flaveola,Bananaquit,Aves,8.2659375
517119,[''],517119/iNat521037.ogg,iNat,0.0,Rhinella horribilis,Giant Toad,Amphibia,20.781875
anhing,[''],anhing/XC524664.ogg,XC,0.0,Anhinga anhinga,Anhinga,Aves,5.2245
amekes,[''],amekes/XC253328.ogg,XC,5.0,Falco sparverius,American Kestrel,Aves,12.0
566513,[''],566513/iNat860046.ogg,iNat,0.0,Alouatta seniculus,Colombian Red Howler Monkey,Mammalia,43.15734375
amekes,[''],amekes/XC946094.ogg,XC,4.0,Falco sparverius,American Kestrel,Aves,17.34103125
50186,[''],50186/CSA35159.ogg,CSA,0.0,Cicadidae,Typical Cicadas,Insecta,304.70540625
22333,[''],22333/XC949880.ogg,XC,4.0,Eleutherodactylus johnstonei,Lesser Antillean whistling frog,Amphibia,15.456
715170,[''],715170/CSA34512.ogg,CSA,0.0,Copris susanae,Copris susanae,Insecta,129.769375
50186,[''],50186/CSA35174.ogg,CSA,0.0,Cicadidae,Typical Cicadas,Insecta,273.615875
22973,[''],22973/iNat879832.ogg,iNat,0.0,Leptodactylus fuscus,Whistling Grass Frog,Amphibia,25.86
22973,[''],22973/iNat859872.ogg,iNat,0.0,Leptodactylus fuscus,Whistling Grass Frog,Amphibia,88.766625
22333,[''],22333/iNat1245802.ogg,iNat,0.0,Eleutherodactylus johnstonei,Lesser Antillean whistling frog,Amphibia,10.06934375
50186,[''],50186/CSA18282.ogg,CSA,0.0,Cicadidae,Typical Cicadas,Insecta,42.48
48124,[''],48124/CSA35157.ogg,CSA,0.0,Tettigoniidae,Katydids,Insecta,233.06603125
amakin1,[''],amakin1/XC130272.ogg,XC,2.0,Chloroceryle amazona,Amazon Kingfisher,Aves,12.216
anhing,[''],anhing/XC794838.ogg,XC,4.0,Anhinga anhinga,Anhinga,Aves,11.20728125
52884,[''],52884/CSA18800.ogg,CSA,0.0,Gryllidae,True Crickets,Insecta,271.98346875
566513,[''],566513/iNat885527.ogg,iNat,0.0,Alouatta seniculus,Colombian Red Howler Monkey,Mammalia,28.832
517119,[''],517119/iNat101160.ogg,iNat,0.0,Rhinella horribilis,Giant Toad,Amphibia,19.944
48124,[''],48124/CSA35173.ogg,CSA,0.0,Tettigoniidae,Katydids,Insecta,299.18165625
22973,[''],22973/XC929101.ogg,XC,4.0,Leptodactylus fuscus,Whistling Grass Frog,Amphibia,26.697
50186,[''],50186/CSA35175.ogg,CSA,0.0,Cicadidae,Typical Cicadas,Insecta,144.64121875
715170,[''],715170/CSA34514.ogg,CSA,0.0,Copris susanae,Copris susanae,Insecta,96.10128125
50186,[''],50186/CSA34678.ogg,CSA,0.0,Cicadidae,Typical Cicadas,Insecta,90.69953125
21211,[''],21211/XC920892.ogg,XC,3.0,Allobates femoralis,Spotted-thighed Poison Frog,Amphibia,9.67821875
anhing,[''],anhing/XC577780.ogg,XC,4.0,Anhinga anhinga,Anhinga,Aves,7.104
banana,[''],banana/iNat847606.ogg,iNat,0.0,Coereba flaveola,Bananaquit,Aves,7.6858125
52884,[''],52884/CSA18796.ogg,CSA,0.0,Gryllidae,True Crickets,Insecta,28.872
banana,[''],banana/XC736061.ogg,XC,4.0,Coereba flaveola,Bananaquit,Aves,30.912
48124,[''],48124/CSA35111.ogg,CSA,0.0,Tettigoniidae,Katydids,Insecta,130.85325
amakin1,[''],amakin1/XC521986.ogg,XC,3.0,Chloroceryle amazona,Amazon Kingfisher,Aves,19.116
41663,[''],41663/iNat839813.ogg,iNat,0.0,Procyon lotor,Common Raccoon,Mammalia,31.5095
21211,[''],21211/XC934741.ogg,XC,5.0,Allobates femoralis,Spotted-thighed Poison Frog,Amphibia,51.83196875
21211,[''],21211/XC882659.ogg,XC,4.0,Allobates femoralis,Spotted-thighed Poison Frog,Amphibia,111.75184375
22973,[''],22973/iNat326966.ogg,iNat,0.0,Leptodactylus fuscus,Whistling Grass Frog,Amphibia,26.136
52884,[''],52884/CSA35112.ogg,CSA,0.0,Gryllidae,True Crickets,Insecta,157.2048125
21211,[''],21211/XC920868.ogg,XC,3.0,Allobates femoralis,Spotted-thighed Poison Frog,Amphibia,5.70134375
566513,[''],566513/iNat887872.ogg,iNat,0.0,Alouatta seniculus,Colombian Red Howler Monkey,Mammalia,22.88
amakin1,[''],amakin1/XC128795.ogg,XC,5.0,Chloroceryle amazona,Amazon Kingfisher,Aves,13.968
41970,[''],41970/iNat1015848.ogg,iNat,0.0,Panthera onca,Jaguar,Mammalia,17.088
48124,[''],48124/CSA36346.ogg,CSA,0.0,Tettigoniidae,Katydids,Insecta,137.42125
amekes,[''],amekes/iNat94016.ogg,iNat,0.0,Falco sparverius,American Kestrel,Aves,52.64459375
banana,[''],banana/iNat521485.ogg,iNat,0.0,Coereba flaveola,Bananaquit,Aves,21.8964375
566513,[''],566513/iNat60494.ogg,iNat,0.0,Alouatta seniculus,Colombian Red Howler Monkey,Mammalia,34.6209375
banana,[''],banana/XC214712.ogg,XC,4.0,Coereba flaveola,Bananaquit,Aves,25.12978125
banana,[''],banana/XC372722.ogg,XC,5.0,Coereba flaveola,Bananaquit,Aves,180.06203125
22333,[''],22333/iNat1236061.ogg,iNat,0.0,Eleutherodactylus johnstonei,Lesser Antillean whistling frog,Amphibia,10.19315625
42007,[''],42007/iNat878627.ogg,iNat,0.0,Puma concolor,Mountain Lion,Mammalia,40.11428125
50186,[''],50186/CSA34622.ogg,CSA,0.0,Cicadidae,Typical Cicadas,Insecta,77.86225
566513,[''],566513/iNat565106.ogg,iNat,0.0,Alouatta seniculus,Colombian Red Howler Monkey,Mammalia,11.8125
21211,[''],21211/XC917465.ogg,XC,2.0,Allobates femoralis,Spotted-thighed Poison Frog,Amphibia,8.85315625
22333,[''],22333/iNat52742.ogg,iNat,0.0,Eleutherodactylus johnstonei,Lesser Antillean whistling frog,Amphibia,13.776
50186,[''],50186/CSA28885.ogg,CSA,0.0,Cicadidae,Typical Cicadas,Insecta,26.06625
22973,[''],22973/XC167037.ogg,XC,4.0,Leptodactylus fuscus,Whistling Grass Frog,Amphibia,55.5363125
anhing,[''],anhing/XC191955.ogg,XC,4.0,Anhinga anhinga,Anhinga,Aves,43.416
22973,[''],22973/XC928991.ogg,XC,4.0,Leptodactylus fuscus,Whistling Grass Frog,Amphibia,15.568
566513,[''],566513/iNat68561.ogg,iNat,0.0,Alouatta seniculus,Colombian Red Howler Monkey,Mammalia,218.784
banana,[''],banana/XC33682.ogg,XC,5.0,Coereba flaveola,Bananaquit,Aves,56.08490625
517119,[''],517119/iNat1110670.ogg,iNat,0.0,Rhinella horribilis,Giant Toad,Amphibia,24.5435
21211,[''],21211/XC882650.ogg,XC,4.0,Allobates femoralis,Spotted-thighed Poison Frog,Amphibia,12.74775
566513,[''],566513/iNat72467.ogg,iNat,0.0,Alouatta seniculus,Colombian Red Howler Monkey,Mammalia,48.0653125
48124,[''],48124/CSA35181.ogg,CSA,0.0,Tettigoniidae,Katydids,Insecta,92.19375
41663,[''],41663/iNat119976.ogg,iNat,0.0,Procyon lotor,Common Raccoon,Mammalia,12.8174375
22973,[''],22973/XC882798.ogg,XC,4.0,Leptodactylus fuscus,Whistling Grass Frog,Amphibia,110.6285625
amakin1,[''],amakin1/iNat1232413.ogg,iNat,0.0,Chloroceryle amazona,Amazon Kingfisher,Aves,34.324
21211,[''],21211/XC882655.ogg,XC,4.0,Allobates femoralis,Spotted-thighed Poison Frog,Amphibia,142.47184375
48124,[''],48124/CSA35187.ogg,CSA,0.0,Tettigoniidae,Katydids,Insecta,10.25034375
41970,[''],41970/XC564868.ogg,XC,2.0,Panthera onca,Jaguar,Mammalia,28.081625
52884,[''],52884/CSA35167.ogg,CSA,0.0,Gryllidae,True Crickets,Insecta,242.7338125
566513,[''],566513/iNat796863.ogg,iNat,0.0,Alouatta seniculus,Colombian Red Howler Monkey,Mammalia,33.792
52884,[''],52884/CSA11079.ogg,CSA,0.0,Gryllidae,True Crickets,Insecta,92.14625
50186,[''],50186/CSA20027.ogg,CSA,0.0,Cicadidae,Typical Cicadas,Insecta,338.6715625
anhing,[''],anhing/XC602017.ogg,XC,5.0,Anhinga anhinga,Anhinga,Aves,35.952
48124,[''],48124/CSA35116.ogg,CSA,0.0,Tettigoniidae,Katydids,Insecta,161.98853125
amekes,[''],amekes/iNat183174.ogg,iNat,0.0,Falco sparverius,American Kestrel,Aves,35.5033125
517119,[''],517119/iNat846254.ogg,iNat,0.0,Rhinella horribilis,Giant Toad,Amphibia,30.441375
anhing,[''],anhing/iNat132750.ogg,iNat,0.0,Anhinga anhinga,Anhinga,Aves,5.01334375
566513,[''],566513/iNat208383.ogg,iNat,0.0,Alouatta seniculus,Colombian Red Howler Monkey,Mammalia,33.99403125
566513,[''],566513/iNat906866.ogg,iNat,0.0,Alouatta seniculus,Colombian Red Howler Monkey,Mammalia,12.544
22973,[''],22973/iNat218912.ogg,iNat,0.0,Leptodactylus fuscus,Whistling Grass Frog,Amphibia,23.89334375
anhing,[''],anhing/XC689446.ogg,XC,5.0,Anhinga anhinga,Anhinga,Aves,23.35346875
22333,[''],22333/iNat578290.ogg,iNat,0.0,Eleutherodactylus johnstonei,Lesser Antillean whistling frog,Amphibia,16.346875
22973,[''],22973/iNat870999.ogg,iNat,0.0,Leptodactylus fuscus,Whistling Grass Frog,Amphibia,11.05271875
banana,[''],banana/iNat871291.ogg,iNat,0.0,Coereba flaveola,Bananaquit,Aves,8.24309375
715170,[''],715170/CSA35801.ogg,CSA,0.0,Copris susanae,Copris susanae,Insecta,104.58478125
22333,[''],22333/iNat758022.ogg,iNat,0.0,Eleutherodactylus johnstonei,Lesser Antillean whistling frog,Amphibia,41.56375
41663,[''],41663/iNat135564.ogg,iNat,0.0,Procyon lotor,Common Raccoon,Mammalia,56.14934375
22973,[''],22973/XC882796.ogg,XC,4.0,Leptodactylus fuscus,Whistling Grass Frog,Amphibia,71.23590625
banana,[''],banana/XC643168.ogg,XC,4.0,Coereba flaveola,Bananaquit,Aves,47.15103125
amakin1,[''],amakin1/XC84990.ogg,XC,4.0,Chloroceryle amazona,Amazon Kingfisher,Aves,5.2245
anhing,[''],anhing/XC705560.ogg,XC,5.0,Anhinga anhinga,Anhinga,Aves,25.521625
715170,[''],715170/CSA35809.ogg,CSA,0.0,Copris susanae,Copris susanae,Insecta,93.997375
amekes,[''],amekes/iNat368277.ogg,iNat,0.0,Falco sparverius,American Kestrel,Aves,11.12
anhing,[''],anhing/XC139948.ogg,XC,4.0,Anhinga anhinga,Anhinga,Aves,11.28
50186,[''],50186/CSA04279.ogg,CSA,0.0,Cicadidae,Typical Cicadas,Insecta,17.4193125
566513,[''],566513/iNat475442.ogg,iNat,0.0,Alouatta seniculus,Colombian Red Howler Monkey,Mammalia,9.195125
anhing,[''],anhing/XC705561.ogg,XC,5.0,Anhinga anhinga,Anhinga,Aves,13.4791875
22333,[''],22333/iNat503234.ogg,iNat,0.0,Eleutherodactylus johnstonei,Lesser Antillean whistling frog,Amphibia,6.87021875
21211,[''],21211/XC920881.ogg,XC,3.0,Allobates femoralis,Spotted-thighed Poison Frog,Amphibia,9.74425
41970,[''],41970/XC564865.ogg,XC,2.0,Panthera onca,Jaguar,Mammalia,76.0685625
42007,[''],42007/iNat1189983.ogg,iNat,0.0,Puma concolor,Mountain Lion,Mammalia,8.15021875
50186,[''],50186/CSA34456.ogg,CSA,0.0,Cicadidae,Typical Cicadas,Insecta,93.05134375
48124,[''],48124/CSA18785.ogg,CSA,0.0,Tettigoniidae,Katydids,Insecta,66.18065625
amekes,[''],amekes/XC565024.ogg,XC,5.0,Falco sparverius,American Kestrel,Aves,77.4
41663,[''],41663/iNat530125.ogg,iNat,0.0,Procyon lotor,Common Raccoon,Mammalia,9.5201875
22333,[''],22333/iNat1239167.ogg,iNat,0.0,Eleutherodactylus johnstonei,Lesser Antillean whistling frog,Amphibia,9.45053125
amakin1,[''],amakin1/XC51481.ogg,XC,4.0,Chloroceryle amazona,Amazon Kingfisher,Aves,6.73959375
715170,[''],715170/CSA35806.ogg,CSA,0.0,Copris susanae,Copris susanae,Insecta,88.42890625
22973,[''],22973/iNat630711.ogg,iNat,0.0,Leptodactylus fuscus,Whistling Grass Frog,Amphibia,131.16953125
48124,[''],48124/CSA35183.ogg,CSA,0.0,Tettigoniidae,Katydids,Insecta,13.22759375
566513,[''],566513/iNat72468.ogg,iNat,0.0,Alouatta seniculus,Colombian Red Howler Monkey,Mammalia,21.838375
amekes,[''],amekes/iNat757997.ogg,iNat,0.0,Falco sparverius,American Kestrel,Aves,5.568
22333,[''],22333/iNat554680.ogg,iNat,0.0,Eleutherodactylus johnstonei,Lesser Antillean whistling frog,Amphibia,20.608
50186,[''],50186/CSA34402.ogg,CSA,0.0,Cicadidae,Typical Cicadas,Insecta,114.2888125
banana,[''],banana/iNat326637.ogg,iNat,0.0,Coereba flaveola,Bananaquit,Aves,24.28809375
52884,[''],52884/CSA34410.ogg,CSA,0.0,Gryllidae,True Crickets,Insecta,175.91453125
41970,[''],41970/XC564880.ogg,XC,1.0,Panthera onca,Jaguar,Mammalia,46.08
41663,[''],41663/iNat31509.ogg,iNat,0.0,Procyon lotor,Common Raccoon,Mammalia,63.4775625
amakin1,[''],amakin1/XC172629.ogg,XC,4.0,Chloroceryle amazona,Amazon Kingfisher,Aves,33.306
517119,[''],517119/iNat1219155.ogg,iNat,0.0,Rhinella horribilis,Giant Toad,Amphibia,6.78390625
22973,[''],22973/iNat726873.ogg,iNat,0.0,Leptodactylus fuscus,Whistling Grass Frog,Amphibia,17.41425
41663,[''],41663/iNat262940.ogg,iNat,0.0,Procyon lotor,Common Raccoon,Mammalia,52.7905625
22333,[''],22333/iNat560488.ogg,iNat,0.0,Eleutherodactylus johnstonei,Lesser Antillean whistling frog,Amphibia,17.36853125
21211,[''],21211/XC882646.ogg,XC,4.0,Allobates femoralis,Spotted-thighed Poison Frog,Amphibia,105.5085625
41663,[''],41663/iNat126448.ogg,iNat,0.0,Procyon lotor,Common Raccoon,Mammalia,29.0481875
52884,[''],52884/CSA18980.ogg,CSA,0.0,Gryllidae,True Crickets,Insecta,58.55121875
52884,[''],52884/CSA35180.ogg,CSA,0.0,Gryllidae,True Crickets,Insecta,145.32565625
715170,[''],715170/CSA35802.ogg,CSA,0.0,Copris susanae,Copris susanae,Insecta,115.7165
21211,[''],21211/XC896857.ogg,XC,3.0,Allobates femoralis,Spotted-thighed Poison Frog,Amphibia,7.56603125
50186,[''],50186/CSA18166.ogg,CSA,0.0,Cicadidae,Typical Cicadas,Insecta,61.431125
42007,[''],42007/iNat141493.ogg,iNat,0.0,Puma concolor,Mountain Lion,Mammalia,9.62178125
amakin1,[''],amakin1/XC769595.ogg,XC,5.0,Chloroceryle amazona,Amazon Kingfisher,Aves,7.7845
52884,[''],52884/CSA06193.ogg,CSA,0.0,Gryllidae,True Crickets,Insecta,9.71925
22973,[''],22973/iNat318716.ogg,iNat,0.0,Leptodactylus fuscus,Whistling Grass Frog,Amphibia,19.89953125
52884,[''],52884/CSA18797.ogg,CSA,0.0,Gryllidae,True Crickets,Insecta,655.7190625
21211,[''],21211/XC913880.ogg,XC,4.0,Allobates femoralis,Spotted-thighed Poison Frog,Amphibia,7.45053125
22333,[''],22333/iNat983570.ogg,iNat,0.0,Eleutherodactylus johnstonei,Lesser Antillean whistling frog,Amphibia,9.42934375
48124,[''],48124/CSA35118.ogg,CSA,0.0,Tettigoniidae,Katydids,Insecta,118.00428125
41663,[''],41663/iNat1104877.ogg,iNat,0.0,Procyon lotor,Common Raccoon,Mammalia,71.76128125
42007,[''],42007/iNat177093.ogg,iNat,0.0,Puma concolor,Mountain Lion,Mammalia,18.92240625
21211,[''],21211/XC882652.ogg,XC,4.0,Allobates femoralis,Spotted-thighed Poison Frog,Amphibia,101.7208125
amakin1,[''],amakin1/XC51482.ogg,XC,4.0,Chloroceryle amazona,Amazon Kingfisher,Aves,14.36734375
50186,[''],50186/CSA20037.ogg,CSA,0.0,Cicadidae,Typical Cicadas,Insecta,143.4030625
22333,[''],22333/iNat530453.ogg,iNat,0.0,Eleutherodactylus johnstonei,Lesser Antillean whistling frog,Amphibia,11.14559375
anhing,[''],anhing/XC108819.ogg,XC,5.0,Anhinga anhinga,Anhinga,Aves,28.992
banana,[''],banana/iNat928040.ogg,iNat,0.0,Coereba flaveola,Bananaquit,Aves,15.4645
52884,[''],52884/CSA35109.ogg,CSA,0.0,Gryllidae,True Crickets,Insecta,121.67559375
22333,[''],22333/iNat54095.ogg,iNat,0.0,Eleutherodactylus johnstonei,Lesser Antillean whistling frog,Amphibia,8.4520625
amakin1,[''],amakin1/XC257914.ogg,XC,5.0,Chloroceryle amazona,Amazon Kingfisher,Aves,11.23265625
banana,[''],banana/XC939901.ogg,XC,5.0,Coereba flaveola,Bananaquit,Aves,21.707
52884,[''],52884/CSA14875.ogg,CSA,0.0,Gryllidae,True Crickets,Insecta,21.079875
50186,[''],50186/CSA08353.ogg,CSA,0.0,Cicadidae,Typical Cicadas,Insecta,153.74665625
52884,[''],52884/CSA18804.ogg,CSA,0.0,Gryllidae,True Crickets,Insecta,896.57509375
41663,[''],41663/iNat307417.ogg,iNat,0.0,Procyon lotor,Common Raccoon,Mammalia,23.66346875
21211,[''],21211/XC882651.ogg,XC,4.0,Allobates femoralis,Spotted-thighed Poison Frog,Amphibia,7.68
anhing,[''],anhing/XC524666.ogg,XC,0.0,Anhinga anhinga,Anhinga,Aves,26.958375
42007,[''],42007/iNat987921.ogg,iNat,0.0,Puma concolor,Mountain Lion,Mammalia,20.17815625
anhing,[''],anhing/XC698308.ogg,XC,5.0,Anhinga anhinga,Anhinga,Aves,52.104
517119,[''],517119/iNat938559.ogg,iNat,0.0,Rhinella horribilis,Giant Toad,Amphibia,13.630125
amakin1,[''],amakin1/XC415847.ogg,XC,5.0,Chloroceryle amazona,Amazon Kingfisher,Aves,5.9036875
41970,[''],41970/iNat1226073.ogg,iNat,0.0,Panthera onca,Jaguar,Mammalia,14.06546875
566513,[''],566513/iNat865114.ogg,iNat,0.0,Alouatta seniculus,Colombian Red Howler Monkey,Mammalia,12.43053125
amekes,[''],amekes/iNat291331.ogg,iNat,0.0,Falco sparverius,American Kestrel,Aves,39.7758125
amakin1,[''],amakin1/XC631866.ogg,XC,4.0,Chloroceryle amazona,Amazon Kingfisher,Aves,8.8555
amakin1,[''],amakin1/XC1881.ogg,XC,4.0,Chloroceryle amazona,Amazon Kingfisher,Aves,10.9191875
anhing,[''],anhing/iNat49831.ogg,iNat,0.0,Anhinga anhinga,Anhinga,Aves,35.1085625
48124,[''],48124/CSA35188.ogg,CSA,0.0,Tettigoniidae,Katydids,Insecta,23.7526875
48124,[''],48124/CSA35160.ogg,CSA,0.0,Tettigoniidae,Katydids,Insecta,260.90253125
41663,[''],41663/iNat1258651.ogg,iNat,0.0,Procyon lotor,Common Raccoon,Mammalia,19.170375
517119,[''],517119/iNat727974.ogg,iNat,0.0,Rhinella horribilis,Giant Toad,Amphibia,9.672
21211,[''],21211/XC882657.ogg,XC,4.0,Allobates femoralis,Spotted-thighed Poison Frog,Amphibia,104.75103125
517119,[''],517119/iNat402787.ogg,iNat,0.0,Rhinella horribilis,Giant Toad,Amphibia,10.2826875
517119,[''],517119/iNat578339.ogg,iNat,0.0,Rhinella horribilis,Giant Toad,Amphibia,11.67965625
22333,[''],22333/iNat53679.ogg,iNat,0.0,Eleutherodactylus johnstonei,Lesser Antillean whistling frog,Amphibia,13.01334375
amekes,[''],amekes/iNat52955.ogg,iNat,0.0,Falco sparverius,American Kestrel,Aves,18.6514375
22333,[''],22333/iNat144601.ogg,iNat,0.0,Eleutherodactylus johnstonei,Lesser Antillean whistling frog,Amphibia,10.44896875
517119,[''],517119/iNat1206733.ogg,iNat,0.0,Rhinella horribilis,Giant Toad,Amphibia,21.632
50186,[''],50186/CSA35140.ogg,CSA,0.0,Cicadidae,Typical Cicadas,Insecta,208.01334375
amekes,[''],amekes/iNat1249963.ogg,iNat,0.0,Falco sparverius,American Kestrel,Aves,6.84990625
22333,[''],22333/iNat516995.ogg,iNat,0.0,Eleutherodactylus johnstonei,Lesser Antillean whistling frog,Amphibia,26.67975
22333,[''],22333/iNat1237389.ogg,iNat,0.0,Eleutherodactylus johnstonei,Lesser Antillean whistling frog,Amphibia,12.12084375
22333,[''],22333/iNat575726.ogg,iNat,0.0,Eleutherodactylus johnstonei,Lesser Antillean whistling frog,Amphibia,8.96290625
517119,[''],517119/iNat1208971.ogg,iNat,0.0,Rhinella horribilis,Giant Toad,Amphibia,19.78340625
anhing,[''],anhing/XC166158.ogg,XC,4.0,Anhinga anhinga,Anhinga,Aves,19.40896875
41970,[''],41970/XC564871.ogg,XC,2.0,Panthera onca,Jaguar,Mammalia,21.0808125
22973,[''],22973/iNat879833.ogg,iNat,0.0,Leptodactylus fuscus,Whistling Grass Frog,Amphibia,25.78
22973,[''],22973/iNat1251026.ogg,iNat,0.0,Leptodactylus fuscus,Whistling Grass Frog,Amphibia,57.40953125
21211,[''],21211/XC920872.ogg,XC,3.0,Allobates femoralis,Spotted-thighed Poison Frog,Amphibia,6.7079375
566513,[''],566513/iNat865113.ogg,iNat,0.0,Alouatta seniculus,Colombian Red Howler Monkey,Mammalia,5.5
banana,[''],banana/iNat33120.ogg,iNat,0.0,Coereba flaveola,Bananaquit,Aves,8.704
banana,[''],banana/XC443366.ogg,XC,5.0,Coereba flaveola,Bananaquit,Aves,28.96978125
41663,[''],41663/iNat482041.ogg,iNat,0.0,Procyon lotor,Common Raccoon,Mammalia,11.328
anhing,[''],anhing/XC139949.ogg,XC,5.0,Anhinga anhinga,Anhinga,Aves,46.296
22333,[''],22333/iNat150110.ogg,iNat,0.0,Eleutherodactylus johnstonei,Lesser Antillean whistling frog,Amphibia,20.52646875
42007,[''],42007/iNat15105.ogg,iNat,0.0,Puma concolor,Mountain Lion,Mammalia,77.58934375
anhing,[''],anhing/XC150212.ogg,XC,4.0,Anhinga anhinga,Anhinga,Aves,12.432
banana,[''],banana/iNat578077.ogg,iNat,0.0,Coereba flaveola,Bananaquit,Aves,31.224
amekes,[''],amekes/iNat126469.ogg,iNat,0.0,Falco sparverius,American Kestrel,Aves,8.01090625
anhing,[''],anhing/XC257259.ogg,XC,3.0,Anhinga anhinga,Anhinga,Aves,11.28490625
517119,[''],517119/iNat101157.ogg,iNat,0.0,Rhinella horribilis,Giant Toad,Amphibia,23.77096875
50186,[''],50186/CSA18202.ogg,CSA,0.0,Cicadidae,Typical Cicadas,Insecta,72.63353125
anhing,[''],anhing/XC530669.ogg,XC,4.0,Anhinga anhinga,Anhinga,Aves,5.616
amekes,[''],amekes/XC375505.ogg,XC,5.0,Falco sparverius,American Kestrel,Aves,143.04
41663,[''],41663/iNat1102503.ogg,iNat,0.0,Procyon lotor,Common Raccoon,Mammalia,9.0590625
52884,[''],52884/CSA34947.ogg,CSA,0.0,Gryllidae,True Crickets,Insecta,46.414875
21211,[''],21211/XC925906.ogg,XC,3.0,Allobates femoralis,Spotted-thighed Poison Frog,Amphibia,17.91090625
517119,[''],517119/iNat922620.ogg,iNat,0.0,Rhinella horribilis,Giant Toad,Amphibia,33.5314375
21211,[''],21211/iNat359445.ogg,iNat,0.0,Allobates femoralis,Spotted-thighed Poison Frog,Amphibia,14.889
21211,[''],21211/XC882649.ogg,XC,4.0,Allobates femoralis,Spotted-thighed Poison Frog,Amphibia,34.19428125
21211,[''],21211/XC913886.ogg,XC,4.0,Allobates femoralis,Spotted-thighed Poison Frog,Amphibia,5.42084375
41663,[''],41663/XC144437.ogg,XC,3.0,Procyon lotor,Common Raccoon,Mammalia,133.40734375
41663,[''],41663/iNat860055.ogg,iNat,0.0,Procyon lotor,Common Raccoon,Mammalia,11.6266875
52884,[''],52884/CSA36342.ogg,CSA,0.0,Gryllidae,True Crickets,Insecta,124.09865625
41663,[''],41663/iNat1240391.ogg,iNat,0.0,Procyon lotor,Common Raccoon,Mammalia,46.98528125
41663,[''],41663/iNat70154.ogg,iNat,0.0,Procyon lotor,Common Raccoon,Mammalia,41.6101875
banana,[''],banana/iNat33115.ogg,iNat,0.0,Coereba flaveola,Bananaquit,Aves,16.32
42007,[''],42007/iNat464817.ogg,iNat,0.0,Puma concolor,Mountain Lion,Mammalia,27.387
715170,[''],715170/CSA35808.ogg,CSA,0.0,Copris susanae,Copris susanae,Insecta,92.546125
amekes,[''],amekes/iNat421791.ogg,iNat,0.0,Falco sparverius,American Kestrel,Aves,24.288
50186,[''],50186/CSA35149.ogg,CSA,0.0,Cicadidae,Typical Cicadas,Insecta,214.4844375
566513,[''],566513/iNat561526.ogg,iNat,0.0,Alouatta seniculus,Colombian Red Howler Monkey,Mammalia,15.20909375
715170,[''],715170/CSA34511.ogg,CSA,0.0,Copris susanae,Copris susanae,Insecta,90.0505625
52884,[''],52884/CSA35537.ogg,CSA,0.0,Gryllidae,True Crickets,Insecta,43.0691875
21211,[''],21211/XC896840.ogg,XC,3.0,Allobates femoralis,Spotted-thighed Poison Frog,Amphibia,8.68815625
52884,[''],52884/CSA18801.ogg,CSA,0.0,Gryllidae,True Crickets,Insecta,578.0620625
21211,[''],21211/XC928709.ogg,XC,3.0,Allobates femoralis,Spotted-thighed Poison Frog,Amphibia,7.038
50186,[''],50186/CSA18916.ogg,CSA,0.0,Cicadidae,Typical Cicadas,Insecta,71.49290625
52884,[''],52884/CSA35124.ogg,CSA,0.0,Gryllidae,True Crickets,Insecta,273.94859375
amakin1,[''],amakin1/XC257911.ogg,XC,4.0,Chloroceryle amazona,Amazon Kingfisher,Aves,7.96734375
22333,[''],22333/iNat255294.ogg,iNat,0.0,Eleutherodactylus johnstonei,Lesser Antillean whistling frog,Amphibia,19.584
50186,[''],50186/CSA35128.ogg,CSA,0.0,Cicadidae,Typical Cicadas,Insecta,230.43021875
48124,[''],48124/CSA18795.ogg,CSA,0.0,Tettigoniidae,Katydids,Insecta,132.13503125
52884,[''],52884/CSA35125.ogg,CSA,0.0,Gryllidae,True Crickets,Insecta,172.85690625
517119,[''],517119/iNat664719.ogg,iNat,0.0,Rhinella horribilis,Giant Toad,Amphibia,40.54203125
566513,[''],566513/iNat469763.ogg,iNat,0.0,Alouatta seniculus,Colombian Red Howler Monkey,Mammalia,17.1595625
41663,[''],41663/iNat1105534.ogg,iNat,0.0,Procyon lotor,Common Raccoon,Mammalia,23.424
50186,[''],50186/CSA35146.ogg,CSA,0.0,Cicadidae,Typical Cicadas,Insecta,277.55934375
banana,[''],banana/XC303796.ogg,XC,3.0,Coereba flaveola,Bananaquit,Aves,31.5036875
517119,[''],517119/iNat341728.ogg,iNat,0.0,Rhinella horribilis,Giant Toad,Amphibia,32.78934375
42007,[''],42007/iNat1167292.ogg,iNat,0.0,Puma concolor,Mountain Lion,Mammalia,13.61065625
anhing,[''],anhing/XC217748.ogg,XC,4.0,Anhinga anhinga,Anhinga,Aves,10.104
517119,[''],517119/iNat302475.ogg,iNat,0.0,Rhinella horribilis,Giant Toad,Amphibia,7.31428125
52884,[''],52884/CSA06195.ogg,CSA,0.0,Gryllidae,True Crickets,Insecta,101.58540625
41663,[''],41663/iNat679506.ogg,iNat,0.0,Procyon lotor,Common Raccoon,Mammalia,19.968
22973,[''],22973/iNat348440.ogg,iNat,0.0,Leptodactylus fuscus,Whistling Grass Frog,Amphibia,41.7495
banana,[''],banana/iNat339877.ogg,iNat,0.0,Coereba flaveola,Bananaquit,Aves,17.998375
banana,[''],banana/XC120824.ogg,XC,5.0,Coereba flaveola,Bananaquit,Aves,15.9346875
41663,[''],41663/iNat290712.ogg,iNat,0.0,Procyon lotor,Common Raccoon,Mammalia,42.30678125
52884,[''],52884/CSA34329.ogg,CSA,0.0,Gryllidae,True Crickets,Insecta,61.89265625
517119,[''],517119/iNat1006335.ogg,iNat,0.0,Rhinella horribilis,Giant Toad,Amphibia,16.55584375
22333,[''],22333/iNat1008712.ogg,iNat,0.0,Eleutherodactylus johnstonei,Lesser Antillean whistling frog,Amphibia,13.76
amakin1,[''],amakin1/iNat515631.ogg,iNat,0.0,Chloroceryle amazona,Amazon Kingfisher,Aves,15.096
amekes,[''],amekes/iNat1215703.ogg,iNat,0.0,Falco sparverius,American Kestrel,Aves,43.56065625
517119,[''],517119/iNat142111.ogg,iNat,0.0,Rhinella horribilis,Giant Toad,Amphibia,9.23053125
41663,[''],41663/iNat52175.ogg,iNat,0.0,Procyon lotor,Common Raccoon,Mammalia,8.81675
52884,[''],52884/CSA35592.ogg,CSA,0.0,Gryllidae,True Crickets,Insecta,189.816125
21211,[''],21211/XC920873.ogg,XC,3.0,Allobates femoralis,Spotted-thighed Poison Frog,Amphibia,9.48021875
amekes,[''],amekes/XC466164.ogg,XC,4.0,Falco sparverius,American Kestrel,Aves,6.73959375
41970,[''],41970/XC564885.ogg,XC,1.0,Panthera onca,Jaguar,Mammalia,17.08409375
amekes,[''],amekes/iNat353632.ogg,iNat,0.0,Falco sparverius,American Kestrel,Aves,5.82821875
amekes,[''],amekes/iNat750103.ogg,iNat,0.0,Falco sparverius,American Kestrel,Aves,13.67509375
41663,[''],41663/iNat1158378.ogg,iNat,0.0,Procyon lotor,Common Raccoon,Mammalia,60.488
amakin1,[''],amakin1/iNat472610.ogg,iNat,0.0,Chloroceryle amazona,Amazon Kingfisher,Aves,74.8379375
50186,[''],50186/CSA34428.ogg,CSA,0.0,Cicadidae,Typical Cicadas,Insecta,60.8080625
566513,[''],566513/iNat879932.ogg,iNat,0.0,Alouatta seniculus,Colombian Red Howler Monkey,Mammalia,72.216
517119,[''],517119/iNat838832.ogg,iNat,0.0,Rhinella horribilis,Giant Toad,Amphibia,7.17496875
41663,[''],41663/iNat722167.ogg,iNat,0.0,Procyon lotor,Common Raccoon,Mammalia,12.74778125
amakin1,[''],amakin1/XC257912.ogg,XC,3.0,Chloroceryle amazona,Amazon Kingfisher,Aves,9.4824375
anhing,[''],anhing/iNat531684.ogg,iNat,0.0,Anhinga anhinga,Anhinga,Aves,18.57596875
anhing,[''],anhing/XC898754.ogg,XC,5.0,Anhinga anhinga,Anhinga,Aves,31.63265625
anhing,[''],anhing/iNat335092.ogg,iNat,0.0,Anhinga anhinga,Anhinga,Aves,42.40903125
amakin1,[''],amakin1/XC332256.ogg,XC,5.0,Chloroceryle amazona,Amazon Kingfisher,Aves,10.08325
amekes,[''],amekes/iNat209301.ogg,iNat,0.0,Falco sparverius,American Kestrel,Aves,14.872375
715170,[''],715170/CSA35800.ogg,CSA,0.0,Copris susanae,Copris susanae,Insecta,94.26540625
amekes,[''],amekes/XC731128.ogg,XC,3.0,Falco sparverius,American Kestrel,Aves,14.592
42007,[''],42007/iNat968957.ogg,iNat,0.0,Puma concolor,Mountain Lion,Mammalia,7.5929375
42007,[''],42007/iNat1241987.ogg,iNat,0.0,Puma concolor,Mountain Lion,Mammalia,8.8468125
22333,[''],22333/iNat575727.ogg,iNat,0.0,Eleutherodactylus johnstonei,Lesser Antillean whistling frog,Amphibia,10.17034375
715170,[''],715170/CSA34510.ogg,CSA,0.0,Copris susanae,Copris susanae,Insecta,124.41890625
48124,[''],48124/CSA35185.ogg,CSA,0.0,Tettigoniidae,Katydids,Insecta,120.80021875
amakin1,[''],amakin1/XC618025.ogg,XC,4.0,Chloroceryle amazona,Amazon Kingfisher,Aves,15.216
21211,[''],21211/XC928714.ogg,XC,3.0,Allobates femoralis,Spotted-thighed Poison Frog,Amphibia,6.60978125
amakin1,[''],amakin1/XC197461.ogg,XC,3.0,Chloroceryle amazona,Amazon Kingfisher,Aves,14.28896875
22973,[''],22973/iNat839779.ogg,iNat,0.0,Leptodactylus fuscus,Whistling Grass Frog,Amphibia,25.984
22973,[''],22973/iNat348132.ogg,iNat,0.0,Leptodactylus fuscus,Whistling Grass Frog,Amphibia,61.13815625
715170,[''],715170/CSA35804.ogg,CSA,0.0,Copris susanae,Copris susanae,Insecta,87.70109375
amakin1,[''],amakin1/XC618023.ogg,XC,4.0,Chloroceryle amazona,Amazon Kingfisher,Aves,77.808
22973,[''],22973/iNat576552.ogg,iNat,0.0,Leptodactylus fuscus,Whistling Grass Frog,Amphibia,25.27490625
41663,[''],41663/iNat709210.ogg,iNat,0.0,Procyon lotor,Common Raccoon,Mammalia,46.39159375
banana,[''],banana/iNat615010.ogg,iNat,0.0,Coereba flaveola,Bananaquit,Aves,8.24309375
banana,[''],banana/XC118590.ogg,XC,5.0,Coereba flaveola,Bananaquit,Aves,17.00571875
42007,[''],42007/iNat500217.ogg,iNat,0.0,Puma concolor,Mountain Lion,Mammalia,135.63734375
22973,[''],22973/iNat1243033.ogg,iNat,0.0,Leptodactylus fuscus,Whistling Grass Frog,Amphibia,12.58496875
42007,[''],42007/iNat606215.ogg,iNat,0.0,Puma concolor,Mountain Lion,Mammalia,6.848
anhing,[''],anhing/XC898190.ogg,XC,4.0,Anhinga anhinga,Anhinga,Aves,32.5284375
amekes,[''],amekes/iNat1074415.ogg,iNat,0.0,Falco sparverius,American Kestrel,Aves,22.35734375
banana,[''],banana/iNat770503.ogg,iNat,0.0,Coereba flaveola,Bananaquit,Aves,10.64
